module,version,vulnerableCVES
PXC36.1-E.D,V6.00.204,15
PXC36.1-E.D,V6.00.314,15
PXC36.1-E.D,V6.00.327,14
PXC12-E.D,V5.00.057,15
PXC50-E.D,V6.30.010,14
PXC100-E.D,V5.10.064,15
PXC36-E.D,V5.10.067,0
PXC200ED,V4.00.083,15
Siemens BACnet Field Panel,V3.4,0
Quantum BACnet,3.4.321,0
Quantum BACnet,2.7.359,0
Quantum BACnet,3.2.243,1
BASRT-B,3.0.13,0
Niagara4 Station,4.12.22078.1,0
Niagara4 Station,4.6.96.28.1,0
AAM-Router,1.2,0
BAC-5051E,E0.1.0.3,2
BAC-5051E,R1.5.0.12,0
BAC-A1616BC,R2.0.0.11,1
BAC-5051E,R1.3.0.1,0