"CVE-ID","Status","DESCRIPTION","References","Phase","Votes","Comments"
CVE-2010-4740,Candidate,"Stack-based buffer overflow in WTclient.dll in SCADA Engine BACnet OPC Client before 1.0.25 allows user-assisted remote attackers to execute arbitrary code via a crafted .csv file, related to a status log message.","BID:43289   |   URL:http://www.securityfocus.com/bid/43289   |   CERT-VN:VU#660688   |   URL:http://www.kb.cert.org/vuls/id/660688   |   MISC:http://packetstormsecurity.org/1009-exploits/bacnet-overflow.py.txt   |   MISC:http://www.us-cert.gov/control_systems/pdf/ICSA-10-264-01.pdf   |   SECUNIA:41466   |   URL:http://secunia.com/advisories/41466   |   SREASON:8083   |   URL:http://securityreason.com/securityalert/8083",Assigned (20110215),"None (candidate not yet proposed)",""
CVE-2015-0979,Candidate,"Heap-based buffer overflow in the SOAP web interface in SCADA Engine BACnet OPC Server before 2.1.371.24 allows remote attackers to execute arbitrary code via a crafted packet.","MISC:https://ics-cert.us-cert.gov/advisories/ICSA-15-069-03",Assigned (20150110),"None (candidate not yet proposed)",""
CVE-2015-0980,Candidate,"Format string vulnerability in BACnOPCServer.exe in the SOAP web interface in SCADA Engine BACnet OPC Server before 2.1.371.24 allows remote attackers to execute arbitrary code via format string specifiers in a request.","MISC:https://ics-cert.us-cert.gov/advisories/ICSA-15-069-03",Assigned (20150110),"None (candidate not yet proposed)",""
CVE-2015-0981,Candidate,"The SOAP web interface in SCADA Engine BACnet OPC Server before 2.1.371.24 allows remote attackers to bypass authentication and read or write to arbitrary database fields via unspecified vectors.","MISC:https://ics-cert.us-cert.gov/advisories/ICSA-15-069-03",Assigned (20150110),"None (candidate not yet proposed)",""
CVE-2015-4174,Candidate,"Cross-site scripting (XSS) vulnerability in the integrated web server on the Siemens Climatix BACnet/IP communication module with firmware before 10.34 allows remote attackers to inject arbitrary web script or HTML via a crafted URL.","BID:75427   |   URL:http://www.securityfocus.com/bid/75427   |   CONFIRM:http://www.siemens.com/innovation/pool/de/forschungsfelder/siemens_security_advisory_ssa-142512.pdf   |   MISC:http://packetstormsecurity.com/files/132514/Climatix-BACnet-IP-Communication-Module-Cross-Site-Scripting.html   |   MISC:https://ics-cert.us-cert.gov/advisories/ICSA-15-176-01",Assigned (20150603),"None (candidate not yet proposed)",""
CVE-2017-9946,Candidate,"A vulnerability has been identified in Siemens APOGEE PXC and TALON TC BACnet Automation Controllers in all versions <V3.5. An attacker with network access to the integrated web server (80/tcp and 443/tcp) could bypass the authentication and download sensitive information from the device.","BID:101248   |   URL:http://www.securityfocus.com/bid/101248   |   CONFIRM:https://cert-portal.siemens.com/productcert/pdf/ssa-148078.pdf   |   CONFIRM:https://www.siemens.com/cert/pool/cert/siemens_security_advisory_ssa-148078.pdf   |   MISC:http://packetstormsecurity.com/files/169544/Siemens-APOGEE-PXC-TALON-TC-Authentication-Bypass.html",Assigned (20170626),"None (candidate not yet proposed)",""
CVE-2017-9947,Candidate,"A vulnerability has been identified in Siemens APOGEE PXC and TALON TC BACnet Automation Controllers in all versions <V3.5. A directory traversal vulnerability could allow a remote attacker with network access to the integrated web server (80/tcp and 443/tcp) to obtain information on the structure of the file system of the affected devices.","BID:101248   |   URL:http://www.securityfocus.com/bid/101248   |   CONFIRM:https://cert-portal.siemens.com/productcert/pdf/ssa-148078.pdf   |   CONFIRM:https://www.siemens.com/cert/pool/cert/siemens_security_advisory_ssa-148078.pdf   |   MISC:http://packetstormsecurity.com/files/169544/Siemens-APOGEE-PXC-TALON-TC-Authentication-Bypass.html",Assigned (20170626),"None (candidate not yet proposed)",""
CVE-2018-10238,Candidate,"bvlc.c in skarg BACnet Protocol Stack bacserv 0.9.1 and 0.8.5 is affected by a Buffer Overflow because of a lack of packet-size validation. The affected component is bacserv BACnet/IP BVLC forwarded NPDU. The function bvlc_bdt_forward_npdu() calls bvlc_encode_forwarded_npdu() which copies the content from the request into a local in the bvlc_bdt_forward_npdu() stack frame and clobbers the canary. The attack vector is: A BACnet/IP device with BBMD enabled based on this library connected to IP network. The fixed version is: 0.8.6.","CONFIRM:https://sourceforge.net/p/bacnet/bugs/55/   |   CONFIRM:https://sourceforge.net/p/bacnet/code/3168/   |   CONFIRM:https://sourceforge.net/p/bacnet/code/3169/",Assigned (20180420),"None (candidate not yet proposed)",""
CVE-2018-18878,Candidate,"In firmware version MS_2.6.9900 of Columbia Weather MicroServer, the BACnet daemon does not properly validate input, which could allow a remote attacker to send specially crafted packets causing the device to become unavailable.","MISC:https://applied-risk.com/labs/advisories   |   MISC:https://ics-cert.us-cert.gov/advisories/ICSA-19-078-02",Assigned (20181031),"None (candidate not yet proposed)",""
CVE-2018-7276,Candidate,"An issue was discovered on Lutron Quantum BACnet Integration 2.0 (firmware 3.2.243) devices. Remote attackers can obtain potentially sensitive information via a /DbXmlInfo.xml request, as demonstrated by the Latitude/Longitude of the device.","MISC:http://misteralfa-hack.blogspot.com/2018/02/bacnet-entrando-en-materia.html",Assigned (20180220),"None (candidate not yet proposed)",""
CVE-2018-7277,Candidate,"An issue was discovered on RLE Wi-MGR/FDS-Wi 6.2 devices. Persistent XSS exists in the web server. Remote attackers can inject malicious JavaScript code using the device's BACnet implementation. This is similar to a Cross Protocol Injection with SNMP.","MISC:http://misteralfa-hack.blogspot.com/2018/02/bacnet-entrando-en-materia.html",Assigned (20180220),"None (candidate not yet proposed)",""
CVE-2018-7278,Candidate,"An issue was discovered on RLE Protocol Converter FDS-PC / FDS-PC-DP 2.1 devices. Persistent XSS exists in the web server. Remote attackers can inject malicious JavaScript code using the device's BACnet implementation. This is similar to a Cross Protocol Injection with SNMP.","MISC:http://misteralfa-hack.blogspot.com/2018/02/bacnet-entrando-en-materia.html",Assigned (20180220),"None (candidate not yet proposed)",""
CVE-2018-8880,Candidate,"Lutron Quantum BACnet Integration 2.0 (firmware 3.2.243) doesn't check for correct user authentication before showing the /deviceIP information, which leads to internal network information disclosure.","EXPLOIT-DB:44488   |   URL:https://www.exploit-db.com/exploits/44488/   |   MISC:http://sadfud.me/explotos/deviceip.txt",Assigned (20180320),"None (candidate not yet proposed)",""
CVE-2019-12480,Candidate,"BACnet Protocol Stack through 0.8.6 has a segmentation fault leading to denial of service in BACnet APDU Layer because a malformed DCC in AtomicWriteFile, AtomicReadFile and DeviceCommunicationControl services. An unauthenticated remote attacker could cause a denial of service (bacserv daemon crash) because there is an invalid read in bacdcode.c during parsing of alarm tag numbers.","CONFIRM:https://sourceforge.net/p/bacnet/code/3220   |   CONFIRM:https://sourceforge.net/p/bacnet/code/3224   |   CONFIRM:https://sourceforge.net/p/bacnet/code/3225   |   MISC:http://packetstormsecurity.com/files/153716/BACnet-Stack-0.8.6-Denial-Of-Service.html   |   MISC:https://1modm.github.io/CVE-2019-12480.html   |   MISC:https://sourceforge.net/p/bacnet/bugs/62/   |   MISC:https://sourceforge.net/p/bacnet/code/3223",Assigned (20190530),"None (candidate not yet proposed)",""
CVE-2019-13939,Candidate,"A vulnerability has been identified in APOGEE MEC/MBC/PXC (P2) (All versions < V2.8.2), APOGEE PXC Series (BACnet) (All versions < V3.5.3), APOGEE PXC Series (P2) (All versions >= V2.8.2 and < V2.8.19), Desigo PXC00-E.D (All versions >= V2.3x and < V6.00.327), Desigo PXC00-U (All versions >= V2.3x and < V6.00.327), Desigo PXC001-E.D (All versions >= V2.3x and < V6.00.327), Desigo PXC100-E.D (All versions >= V2.3x and < V6.00.327), Desigo PXC12-E.D (All versions >= V2.3x and < V6.00.327), Desigo PXC128-U (All versions >= V2.3x and < V6.00.327), Desigo PXC200-E.D (All versions >= V2.3x and < V6.00.327), Desigo PXC22-E.D (All versions >= V2.3x and < V6.00.327), Desigo PXC22.1-E.D (All versions >= V2.3x and < V6.00.327), Desigo PXC36.1-E.D (All versions >= V2.3x and < V6.00.327), Desigo PXC50-E.D (All versions >= V2.3x and < V6.00.327), Desigo PXC64-U (All versions >= V2.3x and < V6.00.327), Desigo PXM20-E (All versions >= V2.3x and < V6.00.327), Nucleus NET (All versions), Nucleus RTOS (All versions), Nucleus ReadyStart for ARM, MIPS, and PPC (All versions < V2017.02.2 with patch ""Nucleus 2017.02.02 Nucleus NET Patch""), Nucleus SafetyCert (All versions), Nucleus Source Code (All versions), SIMOTICS CONNECT 400 (All versions < V0.3.0.330), TALON TC Series (BACnet) (All versions < V3.5.3), VSTAR (All versions). By sending specially crafted DHCP packets to a device where the DHCP client is enabled, an attacker could change the IP address of the device to an invalid value. The vulnerability could affect availability and integrity of the device. Adjacent network access is required, but no authentication and no user interaction is needed to conduct an attack.","CONFIRM:https://cert-portal.siemens.com/productcert/pdf/ssa-162506.pdf   |   URL:https://cert-portal.siemens.com/productcert/pdf/ssa-162506.pdf   |   MISC:https://cert-portal.siemens.com/productcert/pdf/ssa-434032.pdf   |   URL:https://cert-portal.siemens.com/productcert/pdf/ssa-434032.pdf   |   MISC:https://us-cert.cisa.gov/ics/advisories/icsa-20-105-06   |   URL:https://us-cert.cisa.gov/ics/advisories/icsa-20-105-06",Assigned (20190718),"None (candidate not yet proposed)",""
CVE-2020-28388,Candidate,"A vulnerability has been identified in APOGEE PXC Series (BACnet) (All versions < V3.5.5), APOGEE PXC Series (P2 Ethernet) (All versions < V2.8.20), Nucleus NET (All versions < V5.2), Nucleus ReadyStart V3 (All versions < V2012.12), Nucleus Source Code (All versions), PLUSCONTROL 1st Gen (All versions), TALON TC Series (BACnet) (All versions < V3.5.5). Initial Sequence Numbers (ISNs) for TCP connections are derived from an insufficiently random source. As a result, the ISN of current and future TCP connections could be predictable. An attacker could hijack existing sessions or spoof future ones.","CONFIRM:https://cert-portal.siemens.com/productcert/pdf/ssa-344238.pdf   |   URL:https://cert-portal.siemens.com/productcert/pdf/ssa-344238.pdf   |   CONFIRM:https://cert-portal.siemens.com/productcert/pdf/ssa-436469.pdf   |   URL:https://cert-portal.siemens.com/productcert/pdf/ssa-436469.pdf   |   MISC:https://cert-portal.siemens.com/productcert/pdf/ssa-362164.pdf   |   URL:https://cert-portal.siemens.com/productcert/pdf/ssa-362164.pdf",Assigned (20201110),"None (candidate not yet proposed)",""
CVE-2020-7233,Candidate,"KMS Controls BAC-A1616BC BACnet devices have a cleartext password of snowman in the BACKDOOR_NAME variable in the BC_Logon.swf file.","MISC:https://sku11army.blogspot.com/2020/01/kms-controls-backdoor-in-bacnet.html",Assigned (20200119),"None (candidate not yet proposed)",""
CVE-2020-7574,Candidate,"A vulnerability has been identified in Climatix POL908 (BACnet/IP module) (All versions), Climatix POL909 (AWM module) (All versions < V11.32). A persistent cross-site scripting (XSS) vulnerability exists in the ""Server Config"" web interface of the affected devices that could allow an attacker to inject arbitrary JavaScript code. The code could be potentially executed later by another (possibly privileged) user. The security vulnerability could be exploited by an attacker with network access to the affected system. Successful exploitation requires no system privileges. An attacker could use the vulnerability to compromise the confidentiality and integrity of other users' web session.","MISC:https://cert-portal.siemens.com/productcert/pdf/ssa-886514.pdf   |   URL:https://cert-portal.siemens.com/productcert/pdf/ssa-886514.pdf",Assigned (20200121),"None (candidate not yet proposed)",""
CVE-2020-7575,Candidate,"A vulnerability has been identified in Climatix POL908 (BACnet/IP module) (All versions), Climatix POL909 (AWM module) (All versions < V11.32). A persistent cross-site scripting (XSS) vulnerability exists in the web server access log page of the affected devices that could allow an attacker to inject arbitrary JavaScript code via specially crafted GET requests. The code could be potentially executed later by another (privileged) user. The security vulnerability could be exploited by an attacker with network access to the affected system. Successful exploitation requires no system privileges. An attacker could use the vulnerability to compromise the confidentiality and integrity of other users' web sessions.","MISC:https://cert-portal.siemens.com/productcert/pdf/ssa-886514.pdf   |   URL:https://cert-portal.siemens.com/productcert/pdf/ssa-886514.pdf",Assigned (20200121),"None (candidate not yet proposed)",""
CVE-2021-27391,Candidate,"A vulnerability has been identified in APOGEE MBC (PPC) (P2 Ethernet) (All versions >= V2.6.3), APOGEE MEC (PPC) (P2 Ethernet) (All versions >= V2.6.3), APOGEE PXC Compact (BACnet) (All versions < V3.5.3), APOGEE PXC Compact (P2 Ethernet) (All versions >= V2.8), APOGEE PXC Modular (BACnet) (All versions < V3.5.3), APOGEE PXC Modular (P2 Ethernet) (All versions >= V2.8), TALON TC Compact (BACnet) (All versions < V3.5.3), TALON TC Modular (BACnet) (All versions < V3.5.3). The web server of affected devices lacks proper bounds checking when parsing the Host parameter in HTTP requests, which could lead to a buffer overflow. An unauthenticated remote attacker could exploit this vulnerability to execute arbitrary code on the device with root privileges.","MISC:https://cert-portal.siemens.com/productcert/pdf/ssa-944498.pdf   |   URL:https://cert-portal.siemens.com/productcert/pdf/ssa-944498.pdf",Assigned (20210218),"None (candidate not yet proposed)",""
CVE-2021-31344,Candidate,"A vulnerability has been identified in APOGEE MBC (PPC) (BACnet) (All versions), APOGEE MBC (PPC) (P2 Ethernet) (All versions), APOGEE MEC (PPC) (BACnet) (All versions), APOGEE MEC (PPC) (P2 Ethernet) (All versions), APOGEE PXC Compact (BACnet) (All versions < V3.5.4), APOGEE PXC Compact (P2 Ethernet) (All versions < V2.8.19), APOGEE PXC Modular (BACnet) (All versions < V3.5.4), APOGEE PXC Modular (P2 Ethernet) (All versions < V2.8.19), Capital VSTAR (All versions with enabled Ethernet options), Desigo PXC00-E.D (All versions >= V2.3 and < V6.30.016), Desigo PXC00-U (All versions >= V2.3 and < V6.30.016), Desigo PXC001-E.D (All versions >= V2.3 and < V6.30.016), Desigo PXC100-E.D (All versions >= V2.3 and < V6.30.016), Desigo PXC12-E.D (All versions >= V2.3 and < V6.30.016), Desigo PXC128-U (All versions >= V2.3 and < V6.30.016), Desigo PXC200-E.D (All versions >= V2.3 and < V6.30.016), Desigo PXC22-E.D (All versions >= V2.3 and < V6.30.016), Desigo PXC22.1-E.D (All versions >= V2.3 and < V6.30.016), Desigo PXC36.1-E.D (All versions >= V2.3 and < V6.30.016), Desigo PXC50-E.D (All versions >= V2.3 and < V6.30.016), Desigo PXC64-U (All versions >= V2.3 and < V6.30.016), Desigo PXM20-E (All versions >= V2.3 and < V6.30.016), Nucleus NET (All versions), Nucleus ReadyStart V3 (All versions < V2017.02.4), Nucleus ReadyStart V4 (All versions < V4.1.1), Nucleus Source Code (All versions), PLUSCONTROL 1st Gen (All versions), SIMOTICS CONNECT 400 (All versions < V0.5.0.0), TALON TC Compact (BACnet) (All versions < V3.5.4), TALON TC Modular (BACnet) (All versions < V3.5.4). ICMP echo packets with fake IP options allow sending ICMP echo reply messages to arbitrary hosts on the network. (FSMD-2021-0004)","MISC:https://cert-portal.siemens.com/productcert/pdf/ssa-044112.pdf   |   URL:https://cert-portal.siemens.com/productcert/pdf/ssa-044112.pdf   |   MISC:https://cert-portal.siemens.com/productcert/pdf/ssa-114589.pdf   |   URL:https://cert-portal.siemens.com/productcert/pdf/ssa-114589.pdf   |   MISC:https://cert-portal.siemens.com/productcert/pdf/ssa-223353.pdf   |   URL:https://cert-portal.siemens.com/productcert/pdf/ssa-223353.pdf   |   MISC:https://cert-portal.siemens.com/productcert/pdf/ssa-620288.pdf   |   URL:https://cert-portal.siemens.com/productcert/pdf/ssa-620288.pdf   |   MISC:https://cert-portal.siemens.com/productcert/pdf/ssa-845392.pdf   |   URL:https://cert-portal.siemens.com/productcert/pdf/ssa-845392.pdf",Assigned (20210415),"None (candidate not yet proposed)",""
CVE-2021-31345,Candidate,"A vulnerability has been identified in APOGEE MBC (PPC) (BACnet) (All versions), APOGEE MBC (PPC) (P2 Ethernet) (All versions), APOGEE MEC (PPC) (BACnet) (All versions), APOGEE MEC (PPC) (P2 Ethernet) (All versions), APOGEE PXC Compact (BACnet) (All versions < V3.5.4), APOGEE PXC Compact (P2 Ethernet) (All versions < V2.8.19), APOGEE PXC Modular (BACnet) (All versions < V3.5.4), APOGEE PXC Modular (P2 Ethernet) (All versions < V2.8.19), Capital VSTAR (All versions with enabled Ethernet options), Desigo PXC00-E.D (All versions >= V2.3 and < V6.30.016), Desigo PXC00-U (All versions >= V2.3 and < V6.30.016), Desigo PXC001-E.D (All versions >= V2.3 and < V6.30.016), Desigo PXC100-E.D (All versions >= V2.3 and < V6.30.016), Desigo PXC12-E.D (All versions >= V2.3 and < V6.30.016), Desigo PXC128-U (All versions >= V2.3 and < V6.30.016), Desigo PXC200-E.D (All versions >= V2.3 and < V6.30.016), Desigo PXC22-E.D (All versions >= V2.3 and < V6.30.016), Desigo PXC22.1-E.D (All versions >= V2.3 and < V6.30.016), Desigo PXC36.1-E.D (All versions >= V2.3 and < V6.30.016), Desigo PXC50-E.D (All versions >= V2.3 and < V6.30.016), Desigo PXC64-U (All versions >= V2.3 and < V6.30.016), Desigo PXM20-E (All versions >= V2.3 and < V6.30.016), Nucleus NET (All versions), Nucleus ReadyStart V3 (All versions < V2017.02.4), Nucleus Source Code (All versions), PLUSCONTROL 1st Gen (All versions), TALON TC Compact (BACnet) (All versions < V3.5.4), TALON TC Modular (BACnet) (All versions < V3.5.4). The total length of an UDP payload (set in the IP header) is unchecked. This may lead to various side effects, including Information Leak and Denial-of-Service conditions, depending on a user-defined applications that runs on top of the UDP protocol. (FSMD-2021-0006)","MISC:https://cert-portal.siemens.com/productcert/pdf/ssa-044112.pdf   |   URL:https://cert-portal.siemens.com/productcert/pdf/ssa-044112.pdf   |   MISC:https://cert-portal.siemens.com/productcert/pdf/ssa-114589.pdf   |   URL:https://cert-portal.siemens.com/productcert/pdf/ssa-114589.pdf   |   MISC:https://cert-portal.siemens.com/productcert/pdf/ssa-620288.pdf   |   URL:https://cert-portal.siemens.com/productcert/pdf/ssa-620288.pdf   |   MISC:https://cert-portal.siemens.com/productcert/pdf/ssa-845392.pdf   |   URL:https://cert-portal.siemens.com/productcert/pdf/ssa-845392.pdf",Assigned (20210415),"None (candidate not yet proposed)",""
CVE-2021-31346,Candidate,"A vulnerability has been identified in APOGEE MBC (PPC) (BACnet) (All versions), APOGEE MBC (PPC) (P2 Ethernet) (All versions), APOGEE MEC (PPC) (BACnet) (All versions), APOGEE MEC (PPC) (P2 Ethernet) (All versions), APOGEE PXC Compact (BACnet) (All versions < V3.5.4), APOGEE PXC Compact (P2 Ethernet) (All versions < V2.8.19), APOGEE PXC Modular (BACnet) (All versions < V3.5.4), APOGEE PXC Modular (P2 Ethernet) (All versions < V2.8.19), Capital VSTAR (All versions with enabled Ethernet options), Desigo PXC00-E.D (All versions >= V2.3 and < V6.30.016), Desigo PXC00-U (All versions >= V2.3 and < V6.30.016), Desigo PXC001-E.D (All versions >= V2.3 and < V6.30.016), Desigo PXC100-E.D (All versions >= V2.3 and < V6.30.016), Desigo PXC12-E.D (All versions >= V2.3 and < V6.30.016), Desigo PXC128-U (All versions >= V2.3 and < V6.30.016), Desigo PXC200-E.D (All versions >= V2.3 and < V6.30.016), Desigo PXC22-E.D (All versions >= V2.3 and < V6.30.016), Desigo PXC22.1-E.D (All versions >= V2.3 and < V6.30.016), Desigo PXC36.1-E.D (All versions >= V2.3 and < V6.30.016), Desigo PXC50-E.D (All versions >= V2.3 and < V6.30.016), Desigo PXC64-U (All versions >= V2.3 and < V6.30.016), Desigo PXM20-E (All versions >= V2.3 and < V6.30.016), Nucleus NET (All versions), Nucleus ReadyStart V3 (All versions < V2017.02.4), Nucleus ReadyStart V4 (All versions < V4.1.1), Nucleus Source Code (All versions), PLUSCONTROL 1st Gen (All versions), SIMOTICS CONNECT 400 (All versions < V0.5.0.0), TALON TC Compact (BACnet) (All versions < V3.5.4), TALON TC Modular (BACnet) (All versions < V3.5.4). The total length of an ICMP payload (set in the IP header) is unchecked. This may lead to various side effects, including Information Leak and Denial-of-Service conditions, depending on the network buffer organization in memory. (FSMD-2021-0007)","MISC:https://cert-portal.siemens.com/productcert/pdf/ssa-044112.pdf   |   URL:https://cert-portal.siemens.com/productcert/pdf/ssa-044112.pdf   |   MISC:https://cert-portal.siemens.com/productcert/pdf/ssa-114589.pdf   |   URL:https://cert-portal.siemens.com/productcert/pdf/ssa-114589.pdf   |   MISC:https://cert-portal.siemens.com/productcert/pdf/ssa-223353.pdf   |   URL:https://cert-portal.siemens.com/productcert/pdf/ssa-223353.pdf   |   MISC:https://cert-portal.siemens.com/productcert/pdf/ssa-620288.pdf   |   URL:https://cert-portal.siemens.com/productcert/pdf/ssa-620288.pdf   |   MISC:https://cert-portal.siemens.com/productcert/pdf/ssa-845392.pdf   |   URL:https://cert-portal.siemens.com/productcert/pdf/ssa-845392.pdf",Assigned (20210415),"None (candidate not yet proposed)",""
CVE-2021-31881,Candidate,"A vulnerability has been identified in APOGEE MBC (PPC) (BACnet) (All versions), APOGEE MBC (PPC) (P2 Ethernet) (All versions), APOGEE MEC (PPC) (BACnet) (All versions), APOGEE MEC (PPC) (P2 Ethernet) (All versions), APOGEE PXC Compact (BACnet) (All versions < V3.5.4), APOGEE PXC Compact (P2 Ethernet) (All versions < V2.8.19), APOGEE PXC Modular (BACnet) (All versions < V3.5.4), APOGEE PXC Modular (P2 Ethernet) (All versions < V2.8.19), Capital VSTAR (All versions with enabled Ethernet options), Desigo PXC00-E.D (All versions >= V2.3 and < V6.30.016), Desigo PXC00-U (All versions >= V2.3 and < V6.30.016), Desigo PXC001-E.D (All versions >= V2.3 and < V6.30.016), Desigo PXC100-E.D (All versions >= V2.3 and < V6.30.016), Desigo PXC12-E.D (All versions >= V2.3 and < V6.30.016), Desigo PXC128-U (All versions >= V2.3 and < V6.30.016), Desigo PXC200-E.D (All versions >= V2.3 and < V6.30.016), Desigo PXC22-E.D (All versions >= V2.3 and < V6.30.016), Desigo PXC22.1-E.D (All versions >= V2.3 and < V6.30.016), Desigo PXC36.1-E.D (All versions >= V2.3 and < V6.30.016), Desigo PXC50-E.D (All versions >= V2.3 and < V6.30.016), Desigo PXC64-U (All versions >= V2.3 and < V6.30.016), Desigo PXM20-E (All versions >= V2.3 and < V6.30.016), Nucleus NET (All versions), Nucleus ReadyStart V3 (All versions < V2017.02.4), Nucleus Source Code (All versions), TALON TC Compact (BACnet) (All versions < V3.5.4), TALON TC Modular (BACnet) (All versions < V3.5.4). When processing a DHCP OFFER message, the DHCP client application does not validate the length of the Vendor option(s), leading to Denial-of-Service conditions. (FSMD-2021-0008)","MISC:https://cert-portal.siemens.com/productcert/pdf/ssa-044112.pdf   |   URL:https://cert-portal.siemens.com/productcert/pdf/ssa-044112.pdf   |   MISC:https://cert-portal.siemens.com/productcert/pdf/ssa-114589.pdf   |   URL:https://cert-portal.siemens.com/productcert/pdf/ssa-114589.pdf   |   MISC:https://cert-portal.siemens.com/productcert/pdf/ssa-620288.pdf   |   URL:https://cert-portal.siemens.com/productcert/pdf/ssa-620288.pdf",Assigned (20210429),"None (candidate not yet proposed)",""
CVE-2021-31882,Candidate,"A vulnerability has been identified in APOGEE MBC (PPC) (BACnet) (All versions), APOGEE MBC (PPC) (P2 Ethernet) (All versions), APOGEE MEC (PPC) (BACnet) (All versions), APOGEE MEC (PPC) (P2 Ethernet) (All versions), APOGEE PXC Compact (BACnet) (All versions < V3.5.4), APOGEE PXC Compact (P2 Ethernet) (All versions < V2.8.19), APOGEE PXC Modular (BACnet) (All versions < V3.5.4), APOGEE PXC Modular (P2 Ethernet) (All versions < V2.8.19), Capital VSTAR (All versions with enabled Ethernet options), Desigo PXC00-E.D (All versions >= V2.3 and < V6.30.016), Desigo PXC00-U (All versions >= V2.3 and < V6.30.016), Desigo PXC001-E.D (All versions >= V2.3 and < V6.30.016), Desigo PXC100-E.D (All versions >= V2.3 and < V6.30.016), Desigo PXC12-E.D (All versions >= V2.3 and < V6.30.016), Desigo PXC128-U (All versions >= V2.3 and < V6.30.016), Desigo PXC200-E.D (All versions >= V2.3 and < V6.30.016), Desigo PXC22-E.D (All versions >= V2.3 and < V6.30.016), Desigo PXC22.1-E.D (All versions >= V2.3 and < V6.30.016), Desigo PXC36.1-E.D (All versions >= V2.3 and < V6.30.016), Desigo PXC50-E.D (All versions >= V2.3 and < V6.30.016), Desigo PXC64-U (All versions >= V2.3 and < V6.30.016), Desigo PXM20-E (All versions >= V2.3 and < V6.30.016), Nucleus NET (All versions), Nucleus ReadyStart V3 (All versions < V2017.02.4), Nucleus Source Code (All versions), TALON TC Compact (BACnet) (All versions < V3.5.4), TALON TC Modular (BACnet) (All versions < V3.5.4). The DHCP client application does not validate the length of the Domain Name Server IP option(s) (0x06) when processing DHCP ACK packets. This may lead to Denial-of-Service conditions. (FSMD-2021-0011)","MISC:https://cert-portal.siemens.com/productcert/pdf/ssa-044112.pdf   |   URL:https://cert-portal.siemens.com/productcert/pdf/ssa-044112.pdf   |   MISC:https://cert-portal.siemens.com/productcert/pdf/ssa-114589.pdf   |   URL:https://cert-portal.siemens.com/productcert/pdf/ssa-114589.pdf   |   MISC:https://cert-portal.siemens.com/productcert/pdf/ssa-620288.pdf   |   URL:https://cert-portal.siemens.com/productcert/pdf/ssa-620288.pdf",Assigned (20210429),"None (candidate not yet proposed)",""
CVE-2021-31883,Candidate,"A vulnerability has been identified in APOGEE MBC (PPC) (BACnet) (All versions), APOGEE MBC (PPC) (P2 Ethernet) (All versions), APOGEE MEC (PPC) (BACnet) (All versions), APOGEE MEC (PPC) (P2 Ethernet) (All versions), APOGEE PXC Compact (BACnet) (All versions < V3.5.4), APOGEE PXC Compact (P2 Ethernet) (All versions < V2.8.19), APOGEE PXC Modular (BACnet) (All versions < V3.5.4), APOGEE PXC Modular (P2 Ethernet) (All versions < V2.8.19), Capital VSTAR (All versions with enabled Ethernet options), Desigo PXC00-E.D (All versions >= V2.3 and < V6.30.016), Desigo PXC00-U (All versions >= V2.3 and < V6.30.016), Desigo PXC001-E.D (All versions >= V2.3 and < V6.30.016), Desigo PXC100-E.D (All versions >= V2.3 and < V6.30.016), Desigo PXC12-E.D (All versions >= V2.3 and < V6.30.016), Desigo PXC128-U (All versions >= V2.3 and < V6.30.016), Desigo PXC200-E.D (All versions >= V2.3 and < V6.30.016), Desigo PXC22-E.D (All versions >= V2.3 and < V6.30.016), Desigo PXC22.1-E.D (All versions >= V2.3 and < V6.30.016), Desigo PXC36.1-E.D (All versions >= V2.3 and < V6.30.016), Desigo PXC50-E.D (All versions >= V2.3 and < V6.30.016), Desigo PXC64-U (All versions >= V2.3 and < V6.30.016), Desigo PXM20-E (All versions >= V2.3 and < V6.30.016), Nucleus NET (All versions), Nucleus ReadyStart V3 (All versions < V2017.02.4), Nucleus Source Code (All versions), TALON TC Compact (BACnet) (All versions < V3.5.4), TALON TC Modular (BACnet) (All versions < V3.5.4). When processing a DHCP ACK message, the DHCP client application does not validate the length of the Vendor option(s), leading to Denial-of-Service conditions. (FSMD-2021-0013)","MISC:https://cert-portal.siemens.com/productcert/pdf/ssa-044112.pdf   |   URL:https://cert-portal.siemens.com/productcert/pdf/ssa-044112.pdf   |   MISC:https://cert-portal.siemens.com/productcert/pdf/ssa-114589.pdf   |   URL:https://cert-portal.siemens.com/productcert/pdf/ssa-114589.pdf   |   MISC:https://cert-portal.siemens.com/productcert/pdf/ssa-620288.pdf   |   URL:https://cert-portal.siemens.com/productcert/pdf/ssa-620288.pdf",Assigned (20210429),"None (candidate not yet proposed)",""
CVE-2021-31884,Candidate,"A vulnerability has been identified in APOGEE MBC (PPC) (BACnet) (All versions), APOGEE MBC (PPC) (P2 Ethernet) (All versions), APOGEE MEC (PPC) (BACnet) (All versions), APOGEE MEC (PPC) (P2 Ethernet) (All versions), APOGEE PXC Compact (BACnet) (All versions < V3.5.4), APOGEE PXC Compact (P2 Ethernet) (All versions < V2.8.19), APOGEE PXC Modular (BACnet) (All versions < V3.5.4), APOGEE PXC Modular (P2 Ethernet) (All versions < V2.8.19), Capital VSTAR (All versions with enabled Ethernet options), Desigo PXC00-E.D (All versions >= V2.3 and < V6.30.016), Desigo PXC00-U (All versions >= V2.3 and < V6.30.016), Desigo PXC001-E.D (All versions >= V2.3 and < V6.30.016), Desigo PXC100-E.D (All versions >= V2.3 and < V6.30.016), Desigo PXC12-E.D (All versions >= V2.3 and < V6.30.016), Desigo PXC128-U (All versions >= V2.3 and < V6.30.016), Desigo PXC200-E.D (All versions >= V2.3 and < V6.30.016), Desigo PXC22-E.D (All versions >= V2.3 and < V6.30.016), Desigo PXC22.1-E.D (All versions >= V2.3 and < V6.30.016), Desigo PXC36.1-E.D (All versions >= V2.3 and < V6.30.016), Desigo PXC50-E.D (All versions >= V2.3 and < V6.30.016), Desigo PXC64-U (All versions >= V2.3 and < V6.30.016), Desigo PXM20-E (All versions >= V2.3 and < V6.30.016), Nucleus NET (All versions), Nucleus ReadyStart V3 (All versions < V2017.02.4), Nucleus Source Code (All versions), TALON TC Compact (BACnet) (All versions < V3.5.4), TALON TC Modular (BACnet) (All versions < V3.5.4). The DHCP client application assumes that the data supplied with the &#8220;Hostname&#8221; DHCP option is NULL terminated. In cases when global hostname variable is not defined, this may lead to Out-of-bound reads, writes, and Denial-of-service conditions. (FSMD-2021-0014)","MISC:https://cert-portal.siemens.com/productcert/pdf/ssa-044112.pdf   |   URL:https://cert-portal.siemens.com/productcert/pdf/ssa-044112.pdf   |   MISC:https://cert-portal.siemens.com/productcert/pdf/ssa-114589.pdf   |   URL:https://cert-portal.siemens.com/productcert/pdf/ssa-114589.pdf   |   MISC:https://cert-portal.siemens.com/productcert/pdf/ssa-620288.pdf   |   URL:https://cert-portal.siemens.com/productcert/pdf/ssa-620288.pdf",Assigned (20210429),"None (candidate not yet proposed)",""
CVE-2021-31885,Candidate,"A vulnerability has been identified in APOGEE MBC (PPC) (BACnet) (All versions), APOGEE MBC (PPC) (P2 Ethernet) (All versions), APOGEE MEC (PPC) (BACnet) (All versions), APOGEE MEC (PPC) (P2 Ethernet) (All versions), APOGEE PXC Compact (BACnet) (All versions < V3.5.4), APOGEE PXC Compact (P2 Ethernet) (All versions < V2.8.19), APOGEE PXC Modular (BACnet) (All versions < V3.5.4), APOGEE PXC Modular (P2 Ethernet) (All versions < V2.8.19), Desigo PXC00-E.D (All versions >= V2.3 and < V6.30.016), Desigo PXC00-U (All versions >= V2.3 and < V6.30.016), Desigo PXC001-E.D (All versions >= V2.3 and < V6.30.016), Desigo PXC100-E.D (All versions >= V2.3 and < V6.30.016), Desigo PXC12-E.D (All versions >= V2.3 and < V6.30.016), Desigo PXC128-U (All versions >= V2.3 and < V6.30.016), Desigo PXC200-E.D (All versions >= V2.3 and < V6.30.016), Desigo PXC22-E.D (All versions >= V2.3 and < V6.30.016), Desigo PXC22.1-E.D (All versions >= V2.3 and < V6.30.016), Desigo PXC36.1-E.D (All versions >= V2.3 and < V6.30.016), Desigo PXC50-E.D (All versions >= V2.3 and < V6.30.016), Desigo PXC64-U (All versions >= V2.3 and < V6.30.016), Desigo PXM20-E (All versions >= V2.3 and < V6.30.016), Nucleus NET (All versions), Nucleus ReadyStart V3 (All versions < V2017.02.4), Nucleus ReadyStart V4 (All versions < V4.1.1), Nucleus Source Code (All versions), PLUSCONTROL 1st Gen (All versions), TALON TC Compact (BACnet) (All versions < V3.5.4), TALON TC Modular (BACnet) (All versions < V3.5.4). TFTP server application allows for reading the contents of the TFTP memory buffer via sending malformed TFTP commands. (FSMD-2021-0009)","MISC:https://cert-portal.siemens.com/productcert/pdf/ssa-044112.pdf   |   URL:https://cert-portal.siemens.com/productcert/pdf/ssa-044112.pdf   |   MISC:https://cert-portal.siemens.com/productcert/pdf/ssa-114589.pdf   |   URL:https://cert-portal.siemens.com/productcert/pdf/ssa-114589.pdf   |   MISC:https://cert-portal.siemens.com/productcert/pdf/ssa-845392.pdf   |   URL:https://cert-portal.siemens.com/productcert/pdf/ssa-845392.pdf",Assigned (20210429),"None (candidate not yet proposed)",""
CVE-2021-31886,Candidate,"A vulnerability has been identified in APOGEE MBC (PPC) (BACnet) (All versions), APOGEE MBC (PPC) (P2 Ethernet) (All versions), APOGEE MEC (PPC) (BACnet) (All versions), APOGEE MEC (PPC) (P2 Ethernet) (All versions), APOGEE PXC Compact (BACnet) (All versions < V3.5.4), APOGEE PXC Compact (P2 Ethernet) (All versions < V2.8.19), APOGEE PXC Modular (BACnet) (All versions < V3.5.4), APOGEE PXC Modular (P2 Ethernet) (All versions < V2.8.19), Desigo PXC00-E.D (All versions >= V2.3 and < V6.30.016), Desigo PXC00-U (All versions >= V2.3 and < V6.30.016), Desigo PXC001-E.D (All versions >= V2.3 and < V6.30.016), Desigo PXC100-E.D (All versions >= V2.3 and < V6.30.016), Desigo PXC12-E.D (All versions >= V2.3 and < V6.30.016), Desigo PXC128-U (All versions >= V2.3 and < V6.30.016), Desigo PXC200-E.D (All versions >= V2.3 and < V6.30.016), Desigo PXC22-E.D (All versions >= V2.3 and < V6.30.016), Desigo PXC22.1-E.D (All versions >= V2.3 and < V6.30.016), Desigo PXC36.1-E.D (All versions >= V2.3 and < V6.30.016), Desigo PXC50-E.D (All versions >= V2.3 and < V6.30.016), Desigo PXC64-U (All versions >= V2.3 and < V6.30.016), Desigo PXM20-E (All versions >= V2.3 and < V6.30.016), Nucleus NET (All versions), Nucleus ReadyStart V3 (All versions < V2017.02.4), Nucleus Source Code (All versions), TALON TC Compact (BACnet) (All versions < V3.5.4), TALON TC Modular (BACnet) (All versions < V3.5.4). FTP server does not properly validate the length of the &#8220;USER&#8221; command, leading to stack-based buffer overflows. This may result in Denial-of-Service conditions and Remote Code Execution. (FSMD-2021-0010)","MISC:https://cert-portal.siemens.com/productcert/pdf/ssa-044112.pdf   |   URL:https://cert-portal.siemens.com/productcert/pdf/ssa-044112.pdf   |   MISC:https://cert-portal.siemens.com/productcert/pdf/ssa-114589.pdf   |   URL:https://cert-portal.siemens.com/productcert/pdf/ssa-114589.pdf",Assigned (20210429),"None (candidate not yet proposed)",""
CVE-2021-31887,Candidate,"A vulnerability has been identified in APOGEE MBC (PPC) (BACnet) (All versions), APOGEE MBC (PPC) (P2 Ethernet) (All versions), APOGEE MEC (PPC) (BACnet) (All versions), APOGEE MEC (PPC) (P2 Ethernet) (All versions), APOGEE PXC Compact (BACnet) (All versions < V3.5.4), APOGEE PXC Compact (P2 Ethernet) (All versions < V2.8.19), APOGEE PXC Modular (BACnet) (All versions < V3.5.4), APOGEE PXC Modular (P2 Ethernet) (All versions < V2.8.19), Desigo PXC00-E.D (All versions >= V2.3 and < V6.30.016), Desigo PXC00-U (All versions >= V2.3 and < V6.30.016), Desigo PXC001-E.D (All versions >= V2.3 and < V6.30.016), Desigo PXC100-E.D (All versions >= V2.3 and < V6.30.016), Desigo PXC12-E.D (All versions >= V2.3 and < V6.30.016), Desigo PXC128-U (All versions >= V2.3 and < V6.30.016), Desigo PXC200-E.D (All versions >= V2.3 and < V6.30.016), Desigo PXC22-E.D (All versions >= V2.3 and < V6.30.016), Desigo PXC22.1-E.D (All versions >= V2.3 and < V6.30.016), Desigo PXC36.1-E.D (All versions >= V2.3 and < V6.30.016), Desigo PXC50-E.D (All versions >= V2.3 and < V6.30.016), Desigo PXC64-U (All versions >= V2.3 and < V6.30.016), Desigo PXM20-E (All versions >= V2.3 and < V6.30.016), Nucleus NET (All versions), Nucleus ReadyStart V3 (All versions < V2017.02.4), Nucleus Source Code (All versions), TALON TC Compact (BACnet) (All versions < V3.5.4), TALON TC Modular (BACnet) (All versions < V3.5.4). FTP server does not properly validate the length of the &#8220;PWD/XPWD&#8221; command, leading to stack-based buffer overflows. This may result in Denial-of-Service conditions and Remote Code Execution. (FSMD-2021-0016)","MISC:https://cert-portal.siemens.com/productcert/pdf/ssa-044112.pdf   |   URL:https://cert-portal.siemens.com/productcert/pdf/ssa-044112.pdf   |   MISC:https://cert-portal.siemens.com/productcert/pdf/ssa-114589.pdf   |   URL:https://cert-portal.siemens.com/productcert/pdf/ssa-114589.pdf",Assigned (20210429),"None (candidate not yet proposed)",""
CVE-2021-31888,Candidate,"A vulnerability has been identified in APOGEE MBC (PPC) (BACnet) (All versions), APOGEE MBC (PPC) (P2 Ethernet) (All versions), APOGEE MEC (PPC) (BACnet) (All versions), APOGEE MEC (PPC) (P2 Ethernet) (All versions), APOGEE PXC Compact (BACnet) (All versions < V3.5.4), APOGEE PXC Compact (P2 Ethernet) (All versions < V2.8.19), APOGEE PXC Modular (BACnet) (All versions < V3.5.4), APOGEE PXC Modular (P2 Ethernet) (All versions < V2.8.19), Desigo PXC00-E.D (All versions >= V2.3 and < V6.30.016), Desigo PXC00-U (All versions >= V2.3 and < V6.30.016), Desigo PXC001-E.D (All versions >= V2.3 and < V6.30.016), Desigo PXC100-E.D (All versions >= V2.3 and < V6.30.016), Desigo PXC12-E.D (All versions >= V2.3 and < V6.30.016), Desigo PXC128-U (All versions >= V2.3 and < V6.30.016), Desigo PXC200-E.D (All versions >= V2.3 and < V6.30.016), Desigo PXC22-E.D (All versions >= V2.3 and < V6.30.016), Desigo PXC22.1-E.D (All versions >= V2.3 and < V6.30.016), Desigo PXC36.1-E.D (All versions >= V2.3 and < V6.30.016), Desigo PXC50-E.D (All versions >= V2.3 and < V6.30.016), Desigo PXC64-U (All versions >= V2.3 and < V6.30.016), Desigo PXM20-E (All versions >= V2.3 and < V6.30.016), Nucleus NET (All versions), Nucleus ReadyStart V3 (All versions < V2017.02.4), Nucleus Source Code (All versions), TALON TC Compact (BACnet) (All versions < V3.5.4), TALON TC Modular (BACnet) (All versions < V3.5.4). FTP server does not properly validate the length of the &#8220;MKD/XMKD&#8221; command, leading to stack-based buffer overflows. This may result in Denial-of-Service conditions and Remote Code Execution. (FSMD-2021-0018)","MISC:https://cert-portal.siemens.com/productcert/pdf/ssa-044112.pdf   |   URL:https://cert-portal.siemens.com/productcert/pdf/ssa-044112.pdf   |   MISC:https://cert-portal.siemens.com/productcert/pdf/ssa-114589.pdf   |   URL:https://cert-portal.siemens.com/productcert/pdf/ssa-114589.pdf",Assigned (20210429),"None (candidate not yet proposed)",""
CVE-2021-31889,Candidate,"A vulnerability has been identified in APOGEE MBC (PPC) (BACnet) (All versions), APOGEE MBC (PPC) (P2 Ethernet) (All versions), APOGEE MEC (PPC) (BACnet) (All versions), APOGEE MEC (PPC) (P2 Ethernet) (All versions), APOGEE PXC Compact (BACnet) (All versions < V3.5.4), APOGEE PXC Compact (P2 Ethernet) (All versions < V2.8.19), APOGEE PXC Modular (BACnet) (All versions < V3.5.4), APOGEE PXC Modular (P2 Ethernet) (All versions < V2.8.19), Capital VSTAR (All versions with enabled Ethernet options), Desigo PXC00-E.D (All versions >= V2.3 and < V6.30.016), Desigo PXC00-U (All versions >= V2.3 and < V6.30.016), Desigo PXC001-E.D (All versions >= V2.3 and < V6.30.016), Desigo PXC100-E.D (All versions >= V2.3 and < V6.30.016), Desigo PXC12-E.D (All versions >= V2.3 and < V6.30.016), Desigo PXC128-U (All versions >= V2.3 and < V6.30.016), Desigo PXC200-E.D (All versions >= V2.3 and < V6.30.016), Desigo PXC22-E.D (All versions >= V2.3 and < V6.30.016), Desigo PXC22.1-E.D (All versions >= V2.3 and < V6.30.016), Desigo PXC36.1-E.D (All versions >= V2.3 and < V6.30.016), Desigo PXC50-E.D (All versions >= V2.3 and < V6.30.016), Desigo PXC64-U (All versions >= V2.3 and < V6.30.016), Desigo PXM20-E (All versions >= V2.3 and < V6.30.016), Nucleus NET (All versions), Nucleus ReadyStart V3 (All versions < V2017.02.4), Nucleus Source Code (All versions), PLUSCONTROL 1st Gen (All versions), SIMOTICS CONNECT 400 (All versions < V0.5.0.0), TALON TC Compact (BACnet) (All versions < V3.5.4), TALON TC Modular (BACnet) (All versions < V3.5.4). Malformed TCP packets with a corrupted SACK option leads to Information Leaks and Denial-of-Service conditions. (FSMD-2021-0015)","MISC:https://cert-portal.siemens.com/productcert/pdf/ssa-044112.pdf   |   URL:https://cert-portal.siemens.com/productcert/pdf/ssa-044112.pdf   |   MISC:https://cert-portal.siemens.com/productcert/pdf/ssa-114589.pdf   |   URL:https://cert-portal.siemens.com/productcert/pdf/ssa-114589.pdf   |   MISC:https://cert-portal.siemens.com/productcert/pdf/ssa-223353.pdf   |   URL:https://cert-portal.siemens.com/productcert/pdf/ssa-223353.pdf   |   MISC:https://cert-portal.siemens.com/productcert/pdf/ssa-620288.pdf   |   URL:https://cert-portal.siemens.com/productcert/pdf/ssa-620288.pdf   |   MISC:https://cert-portal.siemens.com/productcert/pdf/ssa-845392.pdf   |   URL:https://cert-portal.siemens.com/productcert/pdf/ssa-845392.pdf",Assigned (20210429),"None (candidate not yet proposed)",""
CVE-2021-31890,Candidate,"A vulnerability has been identified in APOGEE MBC (PPC) (BACnet) (All versions), APOGEE MBC (PPC) (P2 Ethernet) (All versions), APOGEE MEC (PPC) (BACnet) (All versions), APOGEE MEC (PPC) (P2 Ethernet) (All versions), APOGEE PXC Compact (BACnet) (All versions < V3.5.4), APOGEE PXC Compact (P2 Ethernet) (All versions < V2.8.19), APOGEE PXC Modular (BACnet) (All versions < V3.5.4), APOGEE PXC Modular (P2 Ethernet) (All versions < V2.8.19), Capital VSTAR (All versions with enabled Ethernet options), Desigo PXC00-E.D (All versions >= V2.3 and < V6.30.016), Desigo PXC00-U (All versions >= V2.3 and < V6.30.016), Desigo PXC001-E.D (All versions >= V2.3 and < V6.30.016), Desigo PXC100-E.D (All versions >= V2.3 and < V6.30.016), Desigo PXC12-E.D (All versions >= V2.3 and < V6.30.016), Desigo PXC128-U (All versions >= V2.3 and < V6.30.016), Desigo PXC200-E.D (All versions >= V2.3 and < V6.30.016), Desigo PXC22-E.D (All versions >= V2.3 and < V6.30.016), Desigo PXC22.1-E.D (All versions >= V2.3 and < V6.30.016), Desigo PXC36.1-E.D (All versions >= V2.3 and < V6.30.016), Desigo PXC50-E.D (All versions >= V2.3 and < V6.30.016), Desigo PXC64-U (All versions >= V2.3 and < V6.30.016), Desigo PXM20-E (All versions >= V2.3 and < V6.30.016), Nucleus NET (All versions), Nucleus ReadyStart V3 (All versions < V2017.02.4), Nucleus ReadyStart V4 (All versions < V4.1.1), Nucleus Source Code (All versions), PLUSCONTROL 1st Gen (All versions), SIMOTICS CONNECT 400 (All versions < V0.5.0.0), TALON TC Compact (BACnet) (All versions < V3.5.4), TALON TC Modular (BACnet) (All versions < V3.5.4). The total length of an TCP payload (set in the IP header) is unchecked. This may lead to various side effects, including Information Leak and Denial-of-Service conditions, depending on the network buffer organization in memory. (FSMD-2021-0017)","MISC:https://cert-portal.siemens.com/productcert/pdf/ssa-044112.pdf   |   URL:https://cert-portal.siemens.com/productcert/pdf/ssa-044112.pdf   |   MISC:https://cert-portal.siemens.com/productcert/pdf/ssa-114589.pdf   |   URL:https://cert-portal.siemens.com/productcert/pdf/ssa-114589.pdf   |   MISC:https://cert-portal.siemens.com/productcert/pdf/ssa-223353.pdf   |   URL:https://cert-portal.siemens.com/productcert/pdf/ssa-223353.pdf   |   MISC:https://cert-portal.siemens.com/productcert/pdf/ssa-620288.pdf   |   URL:https://cert-portal.siemens.com/productcert/pdf/ssa-620288.pdf   |   MISC:https://cert-portal.siemens.com/productcert/pdf/ssa-845392.pdf   |   URL:https://cert-portal.siemens.com/productcert/pdf/ssa-845392.pdf",Assigned (20210429),"None (candidate not yet proposed)",""
CVE-2021-41545,Candidate,"A vulnerability has been identified in Desigo DXR2 (All versions < V01.21.142.5-22), Desigo PXC3 (All versions < V01.21.142.4-18), Desigo PXC4 (All versions < V02.20.142.10-10884), Desigo PXC5 (All versions < V02.20.142.10-10884). When the controller receives a specific BACnet protocol packet, an exception causes the BACnet communication function to go into a &#8220;out of work&#8221; state and could result in the controller going into a &#8220;factory reset&#8221; state.","MISC:https://cert-portal.siemens.com/productcert/pdf/ssa-662649.pdf   |   URL:https://cert-portal.siemens.com/productcert/pdf/ssa-662649.pdf",Assigned (20210921),"None (candidate not yet proposed)",""
CVE-2022-37122,Candidate,"Carel pCOWeb HVAC BACnet Gateway 2.1.0, Firmware: A2.1.0 - B2.1.0, Application Software: 2.15.4A Software v16 13020200 suffers from an unauthenticated arbitrary file disclosure vulnerability. Input passed through the 'file' GET parameter through the 'logdownload.cgi' Bash script is not properly verified before being used to download log files. This can be exploited to disclose the contents of arbitrary and sensitive files via directory traversal attacks.","MISC:https://packetstormsecurity.com/files/167684/   |   MISC:https://www.zeroscience.mk/codes/carelpco_dir.txt   |   MISC:https://www.zeroscience.mk/en/vulnerabilities/ZSL-2022-5709.php",Assigned (20220801),"None (candidate not yet proposed)",""
CVE-2022-38371,Candidate,"A vulnerability has been identified in APOGEE MBC (PPC) (BACnet) (All versions), APOGEE MBC (PPC) (P2 Ethernet) (All versions), APOGEE MEC (PPC) (BACnet) (All versions), APOGEE MEC (PPC) (P2 Ethernet) (All versions), APOGEE PXC Compact (BACnet) (All versions), APOGEE PXC Compact (P2 Ethernet) (All versions), APOGEE PXC Modular (BACnet) (All versions), APOGEE PXC Modular (P2 Ethernet) (All versions), Desigo PXC00-E.D (All versions >= V2.3), Desigo PXC00-U (All versions >= V2.3), Desigo PXC001-E.D (All versions >= V2.3), Desigo PXC100-E.D (All versions >= V2.3), Desigo PXC12-E.D (All versions >= V2.3), Desigo PXC128-U (All versions >= V2.3), Desigo PXC200-E.D (All versions >= V2.3), Desigo PXC22-E.D (All versions >= V2.3), Desigo PXC22.1-E.D (All versions >= V2.3), Desigo PXC36.1-E.D (All versions >= V2.3), Desigo PXC50-E.D (All versions >= V2.3), Desigo PXC64-U (All versions >= V2.3), Desigo PXM20-E (All versions >= V2.3), Nucleus NET for Nucleus PLUS V1 (All versions < V5.2a), Nucleus NET for Nucleus PLUS V2 (All versions < V5.4), Nucleus ReadyStart V3 V2012 (All versions < V2012.08.1), Nucleus ReadyStart V3 V2017 (All versions < V2017.02.4), Nucleus Source Code (Versions including affected FTP server), TALON TC Compact (BACnet) (All versions), TALON TC Modular (BACnet) (All versions). The FTP server does not properly release memory resources that were reserved for incomplete connection attempts by FTP clients. This could allow a remote attacker to generate a denial of service condition on devices that incorporate a vulnerable version of the FTP server.","MISC:https://cert-portal.siemens.com/productcert/pdf/ssa-313313.pdf   |   URL:https://cert-portal.siemens.com/productcert/pdf/ssa-313313.pdf   |   MISC:https://cert-portal.siemens.com/productcert/pdf/ssa-935500.pdf   |   URL:https://cert-portal.siemens.com/productcert/pdf/ssa-935500.pdf",Assigned (20220816),"None (candidate not yet proposed)",""
CVE-2022-45937,Candidate,"A vulnerability has been identified in APOGEE PXC Series (BACnet) (All versions < V3.5.5), APOGEE PXC Series (P2 Ethernet) (All versions < V2.8.20), TALON TC Series (BACnet) (All versions < V3.5.5). A low privilege authenticated attacker with network access to the integrated web server could download sensitive information from the device containing user account credentials.","MISC:https://cert-portal.siemens.com/productcert/pdf/ssa-180579.pdf   |   URL:https://cert-portal.siemens.com/productcert/pdf/ssa-180579.pdf",Assigned (20221128),"None (candidate not yet proposed)",""
CVE-2023-0052,Candidate,"SAUTER Controls Nova 200&#8211;220 Series with firmware version 3.3-006 and prior and BACnetstac version 4.2.1 and prior allows the execution of commands without credentials. As Telnet and file transfer protocol (FTP) are the only protocols available for device management, an unauthorized user could access the system and modify the device configuration, which could result in the unauthorized user executing unrestricted malicious commands.","MISC:https://www.cisa.gov/uscert/ics/advisories/icsa-23-012-05   |   URL:https://www.cisa.gov/uscert/ics/advisories/icsa-23-012-05",Assigned (20230104),"None (candidate not yet proposed)",""
CVE-2023-0053,Candidate,"SAUTER Controls Nova 200&#8211;220 Series with firmware version 3.3-006 and prior and BACnetstac version 4.2.1 and prior have only FTP and Telnet available for device management. Any sensitive information communicated through these protocols, such as credentials, is sent in cleartext. An attacker could obtain sensitive information such as user credentials to gain access to the system.","MISC:https://www.cisa.gov/uscert/ics/advisories/icsa-23-012-05   |   URL:https://www.cisa.gov/uscert/ics/advisories/icsa-23-012-05",Assigned (20230104),"None (candidate not yet proposed)",""
